anio,cine11_hom_cod,grupo_educativo,ocupados,rem_ocupados,horas_mensuales,rem_total_mensual,rem_por_trabajador,rem_por_hora,participacion_empleo,participacion_horas
2010,1,Ninguno,3945359.1220526611,3545522.7024468603,699721983.89502692,2856883018984.1074,805772.02820122847,4082.883037461776,0.21322357109612855,0.20568419918529646
2011,1,Ninguno,3878161.4100740887,3501219.517970013,689174622.64007962,2818340464820.1606,804959.65772926412,4089.4431864361241,0.20268135880271657,0.19702371564482171
2012,1,Ninguno,3920712.475391116,3491539.4418251212,673266940.45416176,2816569216335.9941,806684.06107527681,4183.43608916255,0.1988826080092809,0.19010936317174656
2013,1,Ninguno,3782417.8834641785,3357228.02064907,646058775.07397354,2735835496927.7324,814909.0499961928,4234.6541870195633,0.189755123965466,0.18205084117150189
2014,1,Ninguno,3674665.3152861148,3237174.848026223,623306351.23116434,2698526094704.8481,833605.29516970611,4329.3736528990567,0.17997829578276003,0.17351748926508925
2015,1,Ninguno,3640712.799839797,3205750.7969332216,607143862.79795516,2551606950702.2813,795946.75704152475,4202.6397811936758,0.17504856928830925,0.16642656380763035
2016,1,Ninguno,3539221.8377675046,3089811.2368074935,586609096.04126883,2521138090059.7773,815952.13973806042,4297.8162239107378,0.16916901248614979,0.1610650504814049
2017,1,Ninguno,3468664.1078876951,3035584.0024139709,570232300.53140211,2485375204100.6938,818746.96998148051,4358.5310789735358,0.16421951423320313,0.15756120909078586
2018,1,Ninguno,3305852.6122687152,2901158.8746184018,543932675.929095,2362871178964.7593,814457.69814159349,4344.0508054213205,0.15543179730548898,0.14898069688917179
2019,1,Ninguno,3084819.345723636,2794399.21210434,519820385.80963427,2242688427638.9146,802565.50958230614,4314.3525895889343,0.144775048798231,0.13615492951943325
2021,1,Ninguno,2632194.7621436566,2342490.0861599552,430657327.00711083,1864130221965.7854,795790.015496567,4328.5696191928619,0.12998858116563439,0.12658558206748685
2022,1,Ninguno,2709019.7439362267,2511577.5384532833,455549232.44085294,1953973345383.1604,777986.47084034886,4289.2693176403454,0.12302326075333815,0.11342008044786038
2023,1,Ninguno,2727976.8856302062,2555684.0783698494,465238390.12882358,2067089254972.8123,808820.33599838021,4443.0754186051572,0.1197703212993529,0.11155482469551618
2024,1,Ninguno,2616781.663914456,2418226.2374484004,434531495.1819095,1991676013579.9194,823610.29035953362,4583.5020836548038,0.11362979816699523,0.10494278777134376
2025,1,Ninguno,2584364.1751690838,2450624.0519287242,439559615.02202624,2185688886337.6594,891890.7347773104,4972.4515438665467,0.10847295223429482,0.10106270050400479
2010,2,Básica primaria,4962675.17050262,4483433.6492625969,929702868.38112843,4496012972931.293,1002805.7343216767,4835.9676256136581,0.26820354986953032,0.27328738322438256
2011,2,Básica primaria,5087997.7977756858,4585556.93051678,946703843.304968,4733668226838.8086,1032299.5218609872,5000.15739908,0.26591010486556943,0.27064709392323238
2012,2,Básica primaria,5154360.1912283516,4602916.3576196041,940027015.13020921,4874777161660.4775,1059062.7295651026,5185.7841138589411,0.26146079415028994,0.26543400020516655
2013,2,Básica primaria,4975671.6640970018,4438215.1490631113,901292161.37901807,4687564857539.7861,1056182.4292202941,5200.9382289174673,0.2496178958860733,0.25397224285289527
2014,2,Básica primaria,5007820.9925153386,4439184.5748630548,891783594.2161063,4697427121115.7578,1058173.4194417158,5267.4518252882644,0.24527378971596603,0.24825681613949704
2015,2,Básica primaria,5033026.4770675646,4480452.1602738034,893524919.282976,4688971434059.3984,1046539.7835589997,5247.7231836154515,0.24199219560510912,0.24492758817895244
2016,2,Básica primaria,4865783.9108366184,4286092.8304997012,853820815.34485054,4392617302102.0942,1024853.5148012587,5144.6594216937137,0.23257650887644069,0.23443327703857814
2017,2,Básica primaria,4877770.7033440378,4271496.1950463774,845628855.36113024,4430724705856.8545,1037276.9876267555,5239.5618689770117,0.23093188343679263,0.23365618673055097
2018,2,Básica primaria,4853286.2184066633,4279163.4413021058,842222249.33538985,4426825665609.0049,1034507.2644063268,5256.1252912782575,0.22818772892818551,0.23068086032380339
2019,2,Básica primaria,4706805.3523161365,4281471.8434447721,838896121.81006742,4359707583628.2969,1018273.0946376091,5196.9576092704465,0.22089720602601265,0.21972944012435208
2021,2,Básica primaria,3924080.8007135862,3467664.6842525443,666349239.17112029,3403376699131.104,981460.726173039,5107.49693863927,0.19378721628055073,0.19586385975806356
2022,2,Básica primaria,4187645.5941831716,3921734.6388599467,751738732.67738986,3774434484825.6792,962440.0507431865,5020.9392183141445,0.19017130348677586,0.18716367291237254
2023,2,Básica primaria,4261484.0855360618,4021104.3793661795,766697813.8050772,3897190685285.3594,969184.16375444806,5083.0856891893636,0.1870981095277216,0.18383874166054553
2024,2,Básica primaria,4204970.0572504438,3945793.0616491158,745955326.17747962,4059861169101.0078,1028908.7911275859,5442.4990701588949,0.18259448447405743,0.18015410240671972
2025,2,Básica primaria,4331206.0661886046,4146506.0181196611,782899796.94658136,4593905817566.4043,1107898.022453523,5867.808160741999,0.18179276483115089,0.18000281417912728
2010,3,Básica secundaria,1166957.1140675417,1010796.4415293307,203189242.09213915,1052398332453.6293,1041157.5359934539,5179.3998620084612,0.063067202624651791,0.059727745454198532
2011,3,Básica secundaria,1225576.4109300871,1061389.6743368295,212093742.66756615,1111512476844.6135,1047223.7517659115,5240.6660510809525,0.064051354757594034,0.060634120689618015
2012,3,Básica secundaria,1240372.9725379732,1061684.092418428,210822496.14690167,1161653647085.1016,1094161.300315757,5510.1028984860241,0.062919332450658089,0.05952962796261671
2013,3,Básica secundaria,1213887.85721754,1041537.5248728119,205252287.66312861,1148084150534.5325,1102297.4430755451,5593.5266963690638,0.060897935638863594,0.057837387344780215
2014,3,Básica secundaria,1259630.4857049407,1076420.4471284626,211629528.99260455,1186200301724.4954,1101986.0361152461,5605.079344886447,0.061694366338648131,0.05891392643860828
2015,3,Básica secundaria,1266330.4791709117,1081154.2013878168,210654992.61117432,1172200406229.0105,1084212.0436884237,5564.5507932140526,0.060886246955486674,0.057743458704557916
2016,3,Básica secundaria,1221628.5917879385,1056213.3397276516,204132508.02773935,1123803748420.3516,1063993.1405431107,5505.265963163687,0.058391847691573608,0.056048589993344687
2017,3,Básica secundaria,1172917.6265319739,994243.13185414753,192088693.74805486,1069885595088.8894,1076080.4483443375,5569.7478816330558,0.055530301255355415,0.053076135482694388
2018,3,Básica secundaria,1158725.4115202331,1006333.6233092442,194448258.54969293,1082856816169.1376,1076041.5741732381,5568.8686761491572,0.054479976701844735,0.053258497511915241
2019,3,Básica secundaria,1163718.5457867899,1036989.6708117195,203597370.37671849,1105648659923.5457,1066209.9064671323,5430.56453959966,0.054615000222701063,0.053327623099675446
2021,3,Básica secundaria,980435.19244284008,854507.19552954426,163058671.90950349,853460848744.0863,998775.49681157514,5234.0721210936363,0.048417913986998858,0.047928772135984246
2022,3,Básica secundaria,1032358.2807833344,956967.1586429266,183620043.21341094,934212813518.329,976222.43885896192,5087.7496659367816,0.046881932939749682,0.045716683488888715
2023,3,Básica secundaria,1055405.6211643869,982600.39301118522,185581832.29866174,985530498269.52661,1002981.9907250007,5310.4901814068007,0.046337001978959173,0.044498797193020551
2024,3,Básica secundaria,1058315.7981405791,975360.0523770157,184505453.7014336,1067916850049.3457,1094895.0056410073,5787.9961194938278,0.045955767803632738,0.044559524189010137
2025,3,Básica secundaria,1093928.3407884373,1038370.3412595588,195362021.45307162,1181229673960.6812,1137580.3285442763,6046.3628763404622,0.045915214967844856,0.044917259887442974
2010,4,Educación media,5261522.0672287857,4798472.1949358061,996575390.12870908,6553416014482.5449,1365729.7048420673,6575.9360299235987,0.28435447569394467,0.29294464910959439
2011,4,Educación media,5532190.09181668,5058027.9039783441,1042260851.0771497,6832472894230.8008,1350817.5565533722,6555.4346468733,0.28912458415259956,0.29796527440854131
2012,4,Educación media,5729825.4123410648,5192573.5798662221,1071015087.2997457,7161449874572.0859,1379171.5734833339,6686.6003658525551,0.29065192324019262,0.30242090315104314
2013,4,Educación media,5864408.3595027076,5279836.3664872758,1077547922.531534,7316487411486.4658,1385741.31916785,6789.9415501609419,0.29420375260662024,0.30363879149696382
2014,4,Educación media,6022815.9636568632,5372366.06782668,1090183488.7544663,7400003738062.1025,1377419.8639177387,6787.8515996574124,0.2949863620077095,0.30348784579731497
2015,4,Educación media,6374294.0122673828,5723622.1213842528,1153587295.454133,7625452799020.0674,1332277.4699836157,6610.2087194174183,0.30648147997819025,0.31621429680572832
2016,4,Educación media,6680250.0269675385,5968628.0605529491,1204183594.8751662,7903567715154.2461,1324184.9944360647,6563.4241728509705,0.31930502014971773,0.33063226057409018
2017,4,Educación media,6822461.2198742228,6031794.0502569815,1212002601.2987454,7955276088775.9688,1318890.5361311263,6563.7450614803429,0.32300079585534952,0.33488912343942495
2018,4,Educación media,6962946.3929744111,6168104.69852573,1233329196.7162778,8117100541944.95,1315979.695332516,6581.4549461381594,0.32737795641138911,0.33780328219241867
2019,4,Educación media,7185186.6545471381,6653990.45214697,1332336078.9262776,8746830669025.1836,1314524.0787357818,6565.0332580306667,0.33721123733825714,0.34897462637957838
2021,4,Educación media,7021967.9392456533,6163767.7658977248,1217906056.8817234,8035665832473.5928,1303693.8018548521,6597.9356840114424,0.3467735984208678,0.35798612364336979
2022,4,Educación media,7667403.2234207531,7245077.9434823506,1440798394.0173106,9193439565177.0254,1268922.1064139709,6380.7952613990556,0.34819567046982819,0.35872186389823135
2023,4,Educación media,7973454.4700751128,7596575.0811475124,1503242443.4548285,9936935296655.7422,1308080.9694511311,6610.33444067623,0.35007012294608997,0.36044735518930127
2024,4,Educación media,8274002.4388364786,7830745.5477171466,1529773023.0866253,10624666608604.604,1356788.6408596118,6945.2568768451656,0.35928608034948006,0.3694522663608073
2025,4,Educación media,8700132.94506327,8417431.0412678923,1622900003.8489735,12228377968810.895,1452744.6567556283,7534.8930555236248,0.36516877708232387,0.37313404469316019
2010,5,Técnica profesional y tecnológica,1307215.7548981018,1231839.4884643774,252608482.72263461,2369110108415.8389,1923229.5527148538,9378.5849266872556,0.07064736132498875,0.074254596356962008
2011,5,Técnica profesional y tecnológica,1494995.6031099898,1404043.46247404,285673289.64363492,2702543126805.0532,1924828.681615703,9460.2583607881534,0.078131802213108711,0.08166930577109012
2012,5,Técnica profesional y tecnológica,1750785.7368628269,1627506.2475124928,330007534.09096366,3073765515900.4888,1888635.1561467012,9314.228308052,0.088810601542005277,0.093183726065015252
2013,5,Técnica profesional y tecnológica,2003859.8615071212,1852724.1482989595,373702016.43493831,3472992255917.8584,1874532.8380949288,9293.4801076260919,0.10052899709787087,0.10530429902709272
2014,5,Técnica profesional y tecnológica,2205724.4002348976,2016860.0740531473,407739184.52697587,3801344638890.6616,1884783.5245463292,9322.9809229658822,0.10803229259256165,0.11350739397147089
2015,5,Técnica profesional y tecnológica,2253270.2698723548,2075545.6587062331,418861409.96010345,3684631918001.2856,1775259.3890408836,8796.7805827522916,0.10833915187663098,0.11481572892795112
2016,5,Técnica profesional y tecnológica,2237448.3725340571,2039905.9766292451,408982715.90901023,3534615789355.791,1732734.6602495939,8642.4576195101763,0.10694637098789116,0.11229423857974505
2017,5,Técnica profesional y tecnológica,2275039.8371014763,2051105.2609679943,409485270.38093883,3501922934666.5571,1707334.5777553448,8552.0119720271341,0.10770888310010047,0.11314510638201754
2018,5,Técnica profesional y tecnológica,2334675.9057214824,2103221.1190923527,422797732.41275865,3651214470902.3315,1736010.7493015367,8635.8421320429716,0.10976982785178491,0.11580238438594066
2019,5,Técnica profesional y tecnológica,2387973.5017432673,2247570.1680782819,449614138.33016485,3922217140667.9229,1745092.1872759585,8723.5182488583669,0.11207106202929541,0.11776602647073355
2021,5,Técnica profesional y tecnológica,2249675.0246323696,1950346.6198562493,391154782.09472692,3437715517752.2124,1762617.7227951358,8788.6322118891858,0.11109818647977589,0.11497437211633563
2022,5,Técnica profesional y tecnológica,2618545.220209342,2502662.1483592116,503735846.24370432,4298315912061.8643,1717497.4715943637,8532.87679269576,0.11891458972984315,0.12541731197593453
2023,5,Técnica profesional y tecnológica,2787505.7111793919,2689662.3465168905,540363452.29200578,4643718759664.2852,1726506.2157998737,8593.6951138488112,0.12238390156836314,0.12956830620879584
2024,5,Técnica profesional y tecnológica,2862412.2132001421,2748735.8692864673,543500682.38182986,5121366334440.9258,1863171.5006398049,9422.9253070982741,0.12429593440750547,0.13125970705736648
2025,5,Técnica profesional y tecnológica,3037383.3174027945,2970649.248436057,577590570.46352887,5648362907312.5078,1901390.0447136846,9779.1813027341759,0.12748742560027215,0.13279851206023063
2010,6,Universitaria,1342500.1059587928,1212962.1792204252,231413932.32804105,4668424022669.9033,3848779.5437037572,20173.478648001947,0.0725542740049822,0.068024430340542563
2011,6,Universitaria,1349386.9866196029,1217219.6983163152,229055174.32162544,4721024327005.6963,3878530.9944752948,20610.86085912523,0.070521971387864271,0.065483115671958955
2012,6,Universitaria,1343302.7037485288,1193231.8968688413,223357773.70463014,4499729618210.0781,3771043.692360064,20145.83841689142,0.068140560355876387,0.0630691952434241
2013,6,Universitaria,1442106.0821082441,1261110.5234699871,237434670.74981737,4857894727081.4121,3852076.9089411409,20459.921509104832,0.072347114151009417,0.066905958406545257
2014,6,Universitaria,1551124.5817512148,1341642.5940091803,254744597.69190624,5331191105070.251,3973629.8839016822,20927.592394002058,0.07597120684951239,0.070916400752270653
2015,6,Universitaria,1537264.2139140884,1334893.9499320562,252421111.87496945,4738520732739.5146,3549735.717193637,18772.28373467677,0.0739129714586714,0.069192131973888557
2016,6,Universitaria,1646641.6654193606,1418472.437798585,267685545.73966444,4987007445963.4043,3515759.1455940087,18630.096115886216,0.078706777146598655,0.073498324912896151
2017,6,Universitaria,1730393.3091972142,1440136.4930823876,270105712.07959795,4949492684876.6514,3436821.9322621524,18324.279952354642,0.081923282229191791,0.074633061890617164
2018,6,Universitaria,1833250.9163994193,1516608.7074504043,287245682.29952866,5107106420855.3262,3367451.6015676623,17779.575936427249,0.086194249492673611,0.078675291669676933
2019,6,Universitaria,1899097.1403659761,1724418.9578479922,327097976.30578452,5750414539177.0674,3334696.8919625897,17580.098183797218,0.089127384898634768,0.085675750943275
2021,6,Universitaria,2535131.3117055325,1992658.3235222185,392964748.63321263,7353246956237.1787,3690169.4934029612,18712.230503659219,0.125195189587263,0.11550638597846853
2022,6,Universitaria,2714854.4970647511,2484285.4221503497,487384784.93353766,8668610543652.127,3489377.8574559861,17785.968728659071,0.12328823126791949,0.12134631688442642
2023,6,Universitaria,2753499.8010884551,2558225.1069319663,495158043.39728618,9007294615256.8535,3520915.5718353265,18190.746844093817,0.12089089083241347,0.11872895680957017
2024,6,Universitaria,2774702.7848105826,2584017.8583058282,490295595.26247931,9392487339051.53,3634838.4005401456,19156.785069674694,0.12048728472813583,0.11841025833424358
2025,6,Universitaria,2838162.2387969461,2741677.1312097269,513403896.02628094,9713731648407.2578,3542988.9018774466,18920.253086490047,0.11912556284450825,0.11804083543728931
2010,7,Posgrado,517161.73866376258,477100.947295261,88711955.889861837,3314489626910.58,6947145.34880049,37362.377975586554,0.027949565385773867,0.02607699632902338
2011,7,Posgrado,565969.42991626356,510073.75487017655,92965720.202601388,3486482868262.3442,6835252.4217791213,37502.886662569894,0.029578823820547405,0.026577373890737603
2012,7,Posgrado,574342.54868475266,516587.98126511747,92974910.38466242,3398825695949.9868,6579374.3161161151,36556.375068156805,0.029134180251696763,0.026253184200987482
2013,7,Posgrado,650801.10726803134,588861.23200992448,107494313.59722349,4107612749247.2544,6975519.0628307927,38212.372466866487,0.032649180654096638,0.030290479700220859
2014,7,Posgrado,695487.4615855969,615728.69065206673,112794964.17177162,4324543633926.95,7023456.43394851,38339.8644228589,0.034063686712842142,0.031400127635748919
2015,7,Posgrado,693402.55456260906,614643.91207195236,111925127.21391571,4007495198433.3081,6520027.4821304614,35805.143118345761,0.033339384837602293,0.030680231601291286
2016,7,Posgrado,730243.88256501814,640244.90474204591,116648941.92341699,4171202132237.5952,6515010.27394848,35758.593806843921,0.0349044626616285,0.032028258419940794
2017,7,Posgrado,774872.11161412811,655338.82151212881,119572615.67054282,4250039119708.0049,6485254.6197422957,35543.582415375888,0.036685339890007142,0.033039176983908992
2018,7,Posgrado,820093.435601102,695683.41732210957,127052071.36558644,4695962827687.1738,6750143.3996562948,36960.9308782913,0.038558463308633224,0.034798987027073326
2019,7,Posgrado,880072.0960005949,804822.00076860667,146497389.30972129,5244307251586.0146,6516108.2159504713,35797.957057778178,0.041303060686867933,0.038371603462952139
2021,7,Posgrado,905945.63864305452,711754.34270766412,140013268.4127318,5105066746956.8,7172512.2568779076,36461.306880631193,0.04473931407890936,0.04115490430029136
2022,7,Posgrado,1090559.8888466386,995849.355455242,193650742.20831719,6935689306084.9033,6964596.8720985176,35815.454291540635,0.049525011352545487,0.048214070392286146
2023,7,Posgrado,1217408.5633404562,1130070.0886703148,214209004.27095255,7737911424598.7939,6847284.5199394021,36123.184694939926,0.05344965184709978,0.051363018243250354
2024,7,Posgrado,1237824.2133322593,1129646.7093047427,212089767.76407844,7848752333610.2119,6947970.78499068,37006.74679572897,0.053750650070193369,0.051221353880508982
2025,7,Posgrado,1239786.8540249453,1182717.7445165827,217659413.0470272,8184119603863.7656,6919757.1794349765,37600.577385070479,0.052037302439605235,0.050043833238744888
2010,98,No determinado,71384.869015742763,64934.4326132137,13206415.156535963,111854459720.16412,1722575.4537108641,8469.7064566235786,0.0038579344041682622,0.0038820431372757484
2011,98,No determinado,75418.872137410013,69382.136385585865,13772077.235895196,130067183546.89244,1874649.4461348683,9444.26765251422,0.0039415583488791863,0.0039372108897001851
2012,98,No determinado,86775.414931575229,78564.617193325044,15169313.247360049,152675184966.12149,1943307.183568801,10064.739416775636,0.0044017818039456128,0.004283335936950996
2013,98,No determinado,73262.961446818081,64803.22019361666,12239220.758569321,128686924201.50987,1985810.64053644,10514.306975908528,0.0036754326887556291,0.00344885097199729
2014,98,No determinado,62123.718760440242,53983.710091822366,10581582.140065463,113468504196.53006,2101902.6666290327,10723.207805277036,0.0030427045923557667,0.0029457257442825611
2015,98,No determinado,61683.474761878337,52346.636173754181,10162244.07565001,102020379624.25053,1948938.5962760684,10039.158562300618,0.0029657939528417248,0.0027856122176560623
2016,98,No determinado,9644.43276311129,6219.7885872723018,1274827.0693965433,10978696035.814352,1765123.6664667854,8611.9100381287535,0.00046098810453592816,0.00035002881420197147
2017,98,No determinado,5830.6713296644821,968.39869827382006,170122.54982934883,932190796.107416,962610.54229942174,5479.5251837131727,0.00027604575814464167,4.7006657847582876E-05
2018,98,No determinado,2874.73881907212,1808.1971560188601,352296.91625589028,1527004559.2399147,844490.07905860653,4334.42499431581,0.00013516205162141038,9.649253008390789E-05
2019,98,No determinado,2140.4560793928454,1511.1990154320536,317688.1074680711,2222488829.6509686,1470679.1143690338,6995.820043009754,0.00010045471018396922,8.32110533989675E-05
2021,98,No determinado,142310.87572483046,104994.2738703327,20528047.719771672,403009500642.19733,3838395.0456185034,19632.139701918029,0.0070278951565287051,0.0060339269910379056
2022,98,No determinado,11793.521074771877,10889.047152996063,2196562.1415922367,44945184179.528915,4127558.9634270696,20461.603761844497,0.00053557284756939911,0.00054688766233507537
2023,98,No determinado,11658.615693841806,10736.815719311153,2000405.2873966808,61636199528.644691,5740640.5343985092,30811.855935882766,0.00051186509493995609,0.00047965702291620705
2024,98,No determinado,7033.6971129425183,6284.7815081774,1142091.9301610047,27024631377.271862,4300011.2799639814,23662.395875139497,0.00030542769170732118,0.00027582422073243654
2025,98,No determinado,2469.9223411213175,1985.2657701630139,345949.59639095387,6937888026.6600676,3494689.7946517179,20054.620959348184,0.00010366951016620615,7.9540065225938326E-05
2010,1000,Total,18503391.073372263,16760127.603154657,3401923855.4375415,25310734096847.9,1510175.5008168202,7440.12363956704,1,1
2011,1000,Total,19134277.730242398,17337530.9424625,3497927243.857625,26406044384807.477,1523056.7992893774,7549.054781278428,1,1
2012,1000,Total,19713702.040794615,17686039.597375825,3541471757.2112751,26986770729714.215,1525879.8093903619,7620.2134535628466,1,1
2013,1000,Total,19933152.815164823,17819512.964851141,3548782147.4296331,28326471648735.043,1589632.2028895402,7982.0260787920661,1,1
2014,1000,Total,20417269.200734969,18099377.296558816,3592181709.5849953,29439236633495.063,1626533.120511956,8195.363991454702,1,1
2015,1000,Total,20798300.806694709,18516062.800689336,3648118719.1952271,28468879439184.867,1537523.378788983,7803.7151832232821,1,1
2016,1000,Total,20921218.287878033,18499368.786757674,3642063217.8611169,28633952223293.258,1547834.0127902192,7862.0140591928512,1,1
2017,1000,Total,21122118.915550746,18479697.955133989,3619116049.0704126,28642716333073.621,1549955.8706324075,7914.2851305999538,1,1
2018,1000,Total,21268830.892892025,18670273.881620347,3651027866.6083293,29443937922132.68,1577049.0625270524,8064.5612681902139,1,1
2019,1000,Total,21307672.636483539,19543662.305202682,3817859460.8683691,31371814271646.945,1605216.7593632394,8217.12129354061,1,1
2021,1000,Total,20249430.669526692,17483189.0179259,3402104094.1101294,30052662823260.762,1718946.2856259863,8833.5518232053037,1,1
2022,1000,Total,22020386.448444217,20618154.205403313,4016477775.7345233,35758675970703.094,1734329.6404938113,8902.9936096593083,1,1
2023,1000,Total,22776735.138014071,21533921.4740139,4170490979.6476359,38275670534703.375,1777459.3717587674,9177.7372787741369,1,1
2024,1000,Total,23029009.169484939,21632525.336088713,4140651343.5558357,40106726648437.539,1854001.1406587388,9686.09122592664,1,1
2025,1000,Total,23824963.937434081,22947975.5767382,4349375316.8074894,43735416506259.172,1905850.7518455219,10055.56276949713,1,1
